0,Kenneth Foster,25
1,Brittany Flores,49
2,Jasmine Combs,23
3,Justin Thomas,24
4,Adrian Terry,26
5,William Smith,47
6,Latoya Henson,44
7,Margaret Smith,30
8,Terri Webb,46
9,Douglas Castillo,42
10,Brittany Ramirez DVM,31
11,Linda Harris,36
12,Alexandra Fuentes,38
13,Alex Small,39
14,Mrs. Cheryl Berger DVM,53
15,Charles Clark,41
16,Michael Nicholson,59
17,Maria Herrera,40
18,Carlos Marshall,24
19,Alyssa Edwards,55
20,Christopher Roberts,51
21,Brian Lynch,54
22,Janice Stanley,35
23,Ian Cervantes,53
24,Shawn Myers,30
25,John Hernandez,35
26,Kelly Walker,51
27,Andrew Bailey,60
28,Joshua Shepard,42
29,Mrs. Teresa Smith,35
30,Olivia Hernandez,52
31,Caleb Torres,24
32,James Winters,54
33,Mr. Steven Daniel,38
34,Derrick Warren,22
35,Heather Marks,48
36,Jennifer Russell,48
37,Dr. Jacob Griffin,52
38,Haley Rose,39
39,Charles Riley,45
40,Noah Dominguez,31
41,James Gordon,50
42,Debra Jackson MD,42
43,Valerie Long,40
44,Candice Wise,48
45,Carla Brown DDS,21
46,James Huang,32
47,Miguel Jensen,21
48,Cynthia Lowe,44
49,Wanda Soto,53
50,Amanda Sharp,24
51,Megan Gonzales,57
52,Casey Carr,32
53,John Powell,30
54,Brenda Rhodes,24
55,Adam Macdonald Jr.,42
56,Tina Green,28
57,Samantha Huffman,51
58,Emily Fisher,58
59,Eric King,20
60,Timothy Jones,55
61,Virginia Webb,25
62,Christopher Roman,49
63,Sheryl Mitchell,37
64,Jessica Garcia,57
65,Kayla Diaz,34
66,Kaitlyn Hunter,52
67,Sonia Mills,42
68,Jon Parrish,39
69,Mr. Gary Garza,48
70,Brendan Moon,44
71,Lisa Moran,60
72,Stephanie Scott,20
73,Donna Wallace,31
74,William Oconnor,45
75,Angela Jensen,60
76,Angela Whitaker,34
77,Amanda Villegas,36
78,Mary Sanchez,38
79,Cameron Benjamin,28
80,Tony Montes,52
81,Kevin Wolf,59
82,Jessica Padilla,23
83,James Carter,33
84,Julie Smith,36
85,Timothy Nichols,54
86,Jason Brown,55
87,Kelly Miller,38
88,Sean Acosta,56
89,Taylor Elliott,54
90,Andrea Armstrong,49
91,Mark Rodriguez,48
92,Dawn Larsen,44
93,Denise Gill,30
94,Thomas Stevens,53
95,Elizabeth Nicholson,46
96,Laurie Johns,60
97,Regina Hall,44
98,Christopher Tanner,55
99,Leslie Lewis,33
100,Joseph Sanchez,22
101,Lucas Hill,29
102,Alison Kelly,60
103,Heather Taylor,41
104,William Sullivan,55
105,Christopher Nelson,30
106,William Maddox,58
107,Dana Lopez,56
108,Steven Santiago,33
109,Thomas Hawkins,60
110,Samantha Robinson,45
111,Margaret Foster DVM,24
112,James Powers,34
113,Terri Maxwell,32
114,Jennifer Henson,48
115,William Miles,24
116,Kelsey Mcdonald,24
117,Craig Harris,36
118,Howard Quinn,46
119,Lisa Paul,39
120,Logan Mathews,43
121,Dustin Nicholson,30
122,Mrs. Jennifer Rodriguez,46
123,Donna Rodriguez,29
124,Tyrone Griffith,44
125,Kyle Bailey,44
126,Michael Morris,51
127,Kim Leon,56
128,Paula Stevenson,54
129,Brett Parker,43
130,Jessica Walker,28
131,Melissa Turner,47
132,Steven Lewis,24
133,Cathy Miller,44
134,Kara Carey,29
135,Mrs. Lindsey Frost,59
136,Dean Olsen,49
137,Gregory Brooks,35
138,Jennifer Smith,32
139,Daniel Martinez,41
140,Kathleen Newman,42
141,Joann Williams,53
142,Carol Ellison,29
143,Megan Webb,48
144,Michael Lewis,39
145,Megan Tran,35
146,Joel Dixon,56
147,Bryan Clark,60
148,Erin Paul,46
149,Amanda Davis,41
150,Megan Mooney,24
151,Tammy Butler,52
152,Jennifer Robertson,53
153,Nicolas Figueroa,41
154,Crystal Blevins,20
155,Alicia Gonzalez,36
156,Derek Johnson,25
157,Robert Welch,50
158,Isaac Bowers,53
159,Ashley Anderson,45
160,James Diaz,22
161,Richard Woodard,31
162,Alexander Andersen,47
163,Catherine Bradshaw,21
164,Erika Daniels,31
165,John Scott,57
166,Mason Wilson,23
167,Brenda Noble DVM,41
168,Kenneth Edwards,25
169,Ashlee Barry,27
170,Tony Allen DVM,29
171,Bailey Bailey,32
172,Malik Johnson,30
173,Mr. Raymond Carrillo,22
174,Crystal Williams,46
175,Madison Perkins,45
176,Brian Lewis,44
177,Brian Huber,26
178,Daniel Sullivan,23
179,Jared Vasquez,40
180,Charles Schneider,21
181,Christina Anderson,48
182,Angela Pittman,59
183,Courtney Hernandez,57
184,Colleen Morris,43
185,Raymond Morales,22
186,Michael Cooper,42
187,Jeffrey Zimmerman,43
188,Anthony Martin,34
189,Jodi Anderson,39
190,Kayla Zavala,23
191,Matthew Jackson,41
192,Mr. Jeremy Parker,35
193,Janet Williams,40
194,Jennifer Hanson,38
195,Amanda Munoz,40
196,Julie Sullivan,36
197,Timothy Mathews MD,25
198,Michael Jones,26
199,Misty Wong,33
200,Ashlee Owen,44
201,Gavin Blackwell,56
202,Dr. Connie York,22
203,Robert Castillo,37
204,Megan Chen,21
205,Virginia Cohen,34
206,Bonnie Nelson,39
207,Hunter Ritter,34
208,Taylor Massey,43
209,Timothy Gardner,49
210,April Cervantes,57
211,Adam Martinez,44
212,Terri Meyer,58
213,Tracey Johnson,60
214,David Washington,58
215,Mr. Barry Dean MD,30
216,Anthony Walker,30
217,Jennifer Wade,55
218,Brian Garcia,34
219,David Pollard,60
220,Mary Gonzales,49
221,Robert Hill,39
222,Jonathan Cooke,41
223,Regina Cooley,50
224,Veronica Brewer,46
225,Whitney Chapman,57
226,Sarah Andrews,30
227,Nicholas Wall,55
228,Laura Evans,48
229,Ryan Flores,35
230,Kathy Munoz,44
231,Natalie Love,46
232,Michael Brown,42
233,Anthony Murray,52
234,Amy Martin,56
235,Jeffery Rodriguez,58
236,Erica Gray,41
237,Brittney Rogers,52
238,Alexis Allen,56
239,Kenneth Hood,22
240,Sarah Lindsey,57
241,Brian Wheeler,51
242,Tracy Bauer,22
243,Kathleen Greene,21
244,Kelly Cole,22
245,Jason Mcdonald,60
246,Ashley Jackson,31
247,Nathan Morales,32
248,Terry Craig,58
249,Christian Jensen Jr.,22
250,Ashley Walker,34
251,Jacqueline Lopez,54
252,Brandon Phillips,57
253,Alan Guzman,33
254,Megan Lara,58
255,Miss Nicole Wilson MD,26
256,Luke Long,48
257,Michele Collins,24
258,Jeffrey White,26
259,Bradley Henderson,25
260,Cynthia Medina,24
261,Albert Shannon,41
262,Steven Ponce,58
263,Amanda Brown MD,48
264,Sharon Miller,35
265,Sharon Hodge,52
266,Carla Weaver,33
267,Marissa Reyes,25
268,Misty Davis,54
269,Julie Wilson,33
270,Diana Wilkins,39
271,Nancy Hahn,49
272,Melinda Johnson,44
273,John Davis,24
274,Crystal Conley,40
275,John Moore,34
276,Scott Sims,36
277,James Harper,36
278,Maxwell Travis,36
279,Nicole Williams,21
280,Cody Newman,54
281,Seth Day,40
282,Charles Pitts,35
283,Lori Fritz,51
284,Michael Simmons,20
285,Ariel Mueller,30
286,Sara Graves,35
287,Casey Kramer,31
288,Adam Turner,55
289,Amanda Brady,55
290,Michael Williams,26
291,Mark Jones,36
292,Kimberly Mccarthy,44
293,Courtney Bailey,22
294,Bryce Sandoval,55
295,Gary Miller,34
296,Joseph Harris,37
297,Thomas Clark,48
298,Natalie Acevedo,51
299,Kevin Williams,45
300,Michael Campos,50
301,Mr. Andrew Vance,32
302,Joshua Carr,44
303,Patrick Moreno,52
304,Jennifer Patrick,36
305,Sara Arnold,32
306,Grant Montgomery,23
307,Erica Fitzpatrick,43
308,Heather Ford,30
309,Brittany Vasquez,30
310,Susan Johnson,35
311,Nicholas Peterson,25
312,Chad Davis,49
313,Michael Page,45
314,Briana Mason,49
315,Kathleen Murphy,30
316,Amy Morrison,60
317,Jean Shepard,40
318,Ruth Mack,32
319,Jennifer Finley,40
320,Michael Ramirez,38
321,Mrs. Amy Sutton,27
322,Breanna Poole,37
323,Kimberly Baker,35
324,Heather Kelley,33
325,Daniel Reeves,32
326,Kimberly Johnston,37
327,Christine Brown,24
328,Robert Sanchez,25
329,James Jordan,56
330,Gary Gibbs,23
331,Randy Ballard,47
332,Kaitlyn Rush,41
333,Jenna Mathis,55
334,Joshua Chavez,51
335,Angie Abbott,40
336,Jill Olsen DVM,57
337,Andrew Jackson,33
338,Theresa Lane,25
339,Larry Davila,40
340,Joseph Johnson,50
341,Michael Proctor,25
342,Jamie Watson,43
343,Bradley Cole,25
344,Joseph Middleton,27
345,Laura Byrd,30
346,Audrey Clark,56
347,Janet Cunningham,58
348,Stephen Clay,26
349,Luis Turner,21
350,Kevin Butler,35
351,Wendy Jimenez,20
352,Jennifer Campbell,21
353,Karen Hansen,58
354,Zachary George,50
355,Erica Vaughn,42
356,Ronald Perkins,56
357,Joshua Yang,34
358,Stephanie White,35
359,Gary Gray,28
360,Aaron Hill,32
361,Brian Carter,32
362,Sarah Rivera,57
363,Mark Lucas,46
364,Brian Shaw,50
365,Thomas Mcgrath,40
366,Megan Ibarra,49
367,Lisa Rollins,33
368,Amanda Cabrera,33
369,Patrick Shields,51
370,Alice Bush,53
371,Brett Ray,23
372,Joseph Lawrence,39
373,Javier Anderson,57
374,Matthew Barrett,57
375,Steven Jones,54
376,Natalie Robertson,31
377,Michael Mathews,41
378,Joshua Gill,30
379,John Jones,31
380,Jesse Ellis,58
381,Stephen Russell,31
382,Brenda Davis,54
383,John Bennett,42
384,Anna Nguyen,23
385,Jessica Nguyen,40
386,Allison Mcdonald,58
387,Edwin Young,45
388,Amy Potts,58
389,Michelle Anderson,27
390,Sandra Munoz,49
391,Ryan Anderson,20
392,Willie Wong,53
393,Marie Cummings,27
394,Paige Hendricks,57
395,Benjamin Hooper,43
396,Christian Coffey,46
397,Jacob Shaw,51
398,Nicholas Hall,23
399,Scott Evans,36
400,Whitney Bradshaw,44
401,Michael Waller,33
402,Barbara Simpson,49
403,Andrea Hughes,28
404,Paula Rivas,49
405,Janice Jenkins,45
406,Tristan Ramirez,33
407,Melvin Ramos,28
408,Samuel Davis,54
409,Brett Gross,53
410,James Thomas,30
411,Christopher Atkins,55
412,Wanda Jimenez,53
413,Robert Mcdaniel,40
414,Bobby Hawkins,33
415,Elizabeth Castillo,38
416,Jennifer Brock,26
417,Michael Ortega,48
418,Cassandra Stone,20
419,Anna Bell,40
420,Elizabeth Mathis,44
421,Robert Lewis,25
422,Hannah Gould,32
423,Vanessa Olsen,25
424,Rachel Young,30
425,Robert Moody,35
426,Brian Bradshaw,55
427,Tammy Vargas,27
428,Jessica Shelton,42
429,Mrs. Jessica Ramirez,22
430,Sarah King,56
431,Crystal Valentine,46
432,Michael Stephens,20
433,Alison Sparks,52
434,Thomas Newton,35
435,Ashley Chapman,34
436,Margaret Snyder,55
437,Ricardo Lynch,20
438,Shannon Brown,60
439,Sara Burgess,31
440,Christopher Pena,39
441,Carolyn Wall,46
442,Charles Shaw,30
443,Douglas Quinn,56
444,Brooke King,41
445,Catherine Ramirez,21
446,Reginald Potts,34
447,Erica Graham,28
448,Jennifer Carroll,44
449,Dr. Michael Alexander,32
450,Donald Evans,43
451,Carla Mccullough,37
452,Lynn Church,34
453,Raymond Martinez,37
454,Aaron Howard,49
455,Caitlin Lopez,40
456,Charles Horne,28
457,Catherine Barrett,58
458,David Jacobs,24
459,Michael Rivas,24
460,Nathan Taylor,52
461,Gregory Johnson,43
462,Alexander Johnson,26
463,Rebecca Winters,37
464,Maria Perry,49
465,Miss Danielle Kaiser,42
466,Edward Gardner,25
467,Tracie Collins MD,55
468,Christopher Colon,48
469,Richard Ryan,32
470,Patrick Harper,25
471,Kyle Dyer MD,48
472,Joanna Goodman,33
473,Ryan Rios DDS,36
474,Patrick Sullivan,24
475,Hailey Huang,25
476,Mark Walsh,59
477,Susan Hopkins,55
478,Jamie Ramirez,26
479,William Reynolds,59
480,Casey Thomas,27
481,Courtney Reese,34
482,Heather Collins MD,26
483,Sarah Boyd,31
484,Edwin Jensen,39
485,Jennifer Nicholson,40
486,Katherine Jackson,38
487,Tammie Jordan,27
488,Mark Cox,47
489,Lawrence Olsen,60
490,Joseph Perkins,58
491,Anthony Atkinson,33
492,Hailey Brennan,46
493,Holly Mitchell,42
494,Donna Ramos,31
495,Michael Collins,27
496,Kimberly Molina,51
497,Bailey Cook,34
498,Brianna Gonzales,33
499,Christy Smith,55
500,Andrew Mcdonald,42
501,Matthew Gray,47
502,Tracy Roy,51
503,Emily Adkins DVM,57
504,Kelli Harris,25
505,Ashley Rodriguez,30
506,Jodi Wade,46
507,Cindy Williams,36
508,Thomas Miller,33
509,Joshua Davis,50
510,Eric Gomez,22
511,Richard Rowe,20
512,Shannon Black,28
513,Melissa Anderson,54
514,Kenneth Reyes,24
515,Thomas Harmon,40
516,Joanne Davis,42
517,Thomas Lee,39
518,Karen Gomez,24
519,Alejandro Smith,50
520,Michael Webb,55
521,Timothy Kelly,54
522,Kevin Bailey,60
523,Jamie Campbell,54
524,Christopher Mendoza,31
525,Karen Hutchinson,30
526,Susan Mason,57
527,Russell Brown,49
528,Heather Ware,29
529,Brittany Rios,40
530,William Lawson,36
531,Kevin Rodriguez,58
532,Richard Smith,33
533,Joe Bush,57
534,Stephanie Mendoza,51
535,Alexandria Harris,48
536,Patricia Martinez,38
537,Mark Greene,33
538,Heather Rich,52
539,Barbara Kaufman,28
540,Angel Dixon,44
541,Michelle Jackson,31
542,John Johns,52
543,Barbara Wood,30
544,Jennifer Orozco,34
545,Curtis Hughes,29
546,William Paul,48
547,Michael Douglas,38
548,Edward Cameron,26
549,Nicholas Craig,46
550,Mr. Timothy Sparks,40
551,Darren Thornton,37
552,Wanda Oconnor,35
553,James Daugherty,47
554,Daniel Fisher,20
555,William Spencer,49
556,Joseph Campbell,41
557,Beth Morales,25
558,Rachel Hamilton,33
559,Amanda Weiss,26
560,Christina Carter,30
561,Christian Snyder,21
562,Patrick Watson,35
563,Jesus Peters,51
564,Robert Floyd,51
565,Karen Roberts,60
566,Chris Hendrix,42
567,Robert Rodriguez,25
568,Adam Cook,56
569,Dawn Hernandez PhD,36
570,Jeremy Ballard,54
571,William Farrell,42
572,Lauren Henderson,60
573,Keith Miller,22
574,Ashley Salazar,39
575,Mathew Ferrell,32
576,Laura Moore,52
577,Debbie Sullivan,54
578,Danielle Mercer,23
579,Monica Peterson,53
580,Jason Moran,49
581,Valerie Golden,42
582,Denise Cooper,45
583,Carl Thomas,25
584,Cassandra Palmer,51
585,Tracy Taylor,32
586,Brandon Garcia,53
587,Mr. Christopher Gonzalez,41
588,Patty Mitchell,44
589,Ryan Gomez,25
590,Chad Hamilton,34
591,Jamie Hoffman,24
592,Vicki Webster,34
593,Troy Ward,36
594,Monica Robbins,24
595,Natalie Williams,20
596,John Hill,43
597,Cameron Mcmahon,34
598,Kim Keller,50
599,Heather Baker,20
600,Mrs. Jennifer Logan,30
601,Christian Ellis,49
602,Patrick Jordan,20
603,Dr. Jessica Hernandez,34
604,Vanessa Daniel,56
605,Edwin Griffin,45
606,Jeffrey Foster,35
607,Jennifer Powell,35
608,David Fisher,46
609,Kevin Newman MD,45
610,Theresa Marshall,54
611,Cody Jones,28
612,William Page,37
613,Eric Williams,54
614,Mr. Roberto Coleman,25
615,Edward Scott,57
616,John Christian,48
617,Paul Craig,47
618,Crystal Steele,49
619,Roy Escobar,22
620,Donald Bowman,57
621,Gary Marquez,39
622,Alexander Hammond,26
623,Mackenzie Dixon,20
624,Pamela Porter,28
625,Sarah Mckenzie,60
626,Timothy Yoder,21
627,Laura Freeman,43
628,Michelle Nelson,37
629,Elizabeth Hawkins,56
630,Jennifer Sellers,48
631,Debra Ramos,47
632,Brett Gonzalez,24
633,John Martinez,49
634,Elizabeth Olson,25
635,Clinton Smith,40
636,David Black,25
637,Travis Lloyd,50
638,Teresa Petersen,58
639,Kevin Sanders,39
640,Julian Logan,24
641,Laurie Hernandez,47
642,Tyler Dickerson,29
643,David Rocha,30
644,Alejandro Hahn,43
645,Jennifer Shaffer,52
646,Rose Brown,41
647,Sherri Shelton,37
648,Richard Horton,20
649,Barbara Jackson,36
650,Matthew Maldonado,29
651,Andrea Young,29
652,Eric Clark,48
653,Kathryn Ferrell,27
654,Lisa Rodriguez,53
655,Veronica Morgan,47
656,Dr. Amanda Taylor MD,54
657,Steven Hill,46
658,John Mckenzie,48
659,Morgan Smith,58
660,Michael Pena,33
661,Samantha Downs,32
662,Kelsey Moore,38
663,Marcus Carr,49
664,Luis Anderson,39
665,Jacob Ward,24
666,Ann Cummings,58
667,Megan Marshall,58
668,Stephanie Lawrence,31
669,Vincent Williams,25
670,Russell Phillips,59
671,Diana Johnson,48
672,Dylan Smith,41
673,Nancy Schmidt,38
674,Kenneth Watson,26
675,Joseph Chambers,42
676,Monique Nichols,60
677,Timothy Bullock,60
678,William Ramirez,45
679,Mrs. Tonya Martin,57
680,Michelle Wells,29
681,Billy Johnson,42
682,Wendy Williams,34
683,Terri Brown,38
684,Lauren Serrano,51
685,Donald Cannon,34
686,Dustin Johnson,28
687,Terrence Gonzales,54
688,Charles Richmond,28
689,Matthew Wright,36
690,Ethan Kaufman,50
691,Hector Swanson,60
692,John Spencer,57
693,Mrs. Tiffany Smith,29
694,Sarah Case,26
695,Linda Gonzalez,22
696,Shelly Cannon,50
697,Matthew Brooks,21
698,Christopher Anderson,43
699,Eric Dickson DDS,51
700,Lauren Mckee,51
701,Mark Stevenson,20
702,Melinda Gonzalez,36
703,Amy Palmer,44
704,Craig Ward,34
705,Willie Medina,46
706,Jennifer Woods,53
707,Jennifer Esparza,32
708,Jordan Johnson,38
709,Jessica Burton,47
710,Ryan Thomas,54
711,Mary Brown,42
712,Michael Larson,40
713,Manuel Gardner,58
714,Daniel Willis,46
715,Jasmin Herrera,25
716,Deanna Castro,31
717,Frank Delgado,33
718,Katherine Johnson,22
719,Dr. Shannon Simmons,28
720,Jesse Jones,34
721,Jonathan Miller,31
722,Daniel Hall,29
723,Jamie Lopez,46
724,Robert Garcia,44
725,Larry Cherry,60
726,Taylor Wang,42
727,Elizabeth Mullins PhD,52
728,Christopher Munoz,45
729,Nicole Reid,40
730,Leah Hess,60
731,Heidi Gibson,54
732,Sharon Reed,41
733,Brandon Davis,40
734,Joseph Russell,42
735,Eric Howell,42
736,Stephen Beck,44
737,Jessica Tucker,42
738,Maria Horton,37
739,Wesley Shannon,36
740,Anthony Tyler,50
741,Elizabeth White,55
742,Miguel Rojas,36
743,Robert Meadows,56
744,Edward Cardenas,30
745,Cheryl Taylor,53
746,Lisa Ruiz,41
747,Jamie Price,27
748,Cody Rivera,20
749,Renee Vasquez,20
750,Angela Harris,32
751,Michael Browning,29
752,Robin Smith,42
753,David Alvarez,35
754,Paul Phillips,49
755,Heather Rhodes,44
756,Dana Stanton,38
757,Diana Sanchez,36
758,Stephanie Roberts,28
759,Renee Holt,44
760,Larry Brown,38
761,Angela Glass,51
762,Jacob Melendez,23
763,Peter Cain,20
764,Catherine Johnson,29
765,Claudia Maynard,51
766,Jason Ortiz,47
767,Nathan Cole,47
768,Jason Carter,42
769,Dennis Hardy,54
770,Tonya Sanchez,53
771,Judith Dixon,45
772,Ashley Williams MD,46
773,Thomas Smith,24
774,Sherry Navarro,57
775,Jacqueline Ramirez,43
776,Adam Murray,20
777,Cheryl Stewart,43
778,Mrs. Yesenia Lawson,34
779,Rebecca Bryant,52
780,Jeffrey Hart,29
781,Sandra Elliott,48
782,Caitlin Kelly,25
783,John Romero,39
784,Scott Sanchez,39
785,Kevin Miller,60
786,Shannon Mathis,42
787,Julie Gentry,26
788,Tina Wilson,22
789,Jessica Hill,29
790,Matthew Hamilton,59
791,Hannah Taylor,33
792,Herbert Tapia,36
793,Robin House,50
794,Katelyn Grant DDS,44
795,Deborah Chase,39
796,James White,51
797,Jason Jackson,36
798,Heather Gates,20
799,Julie Lucero,50
800,Amanda Moore,41
801,John Smith,50
802,Ricky Johnson,35
803,Mary Buchanan,56
804,Lisa Adams,37
805,James Jimenez,25
806,Amber Thornton,46
807,Daniel Morgan,51
808,Elizabeth Johnson,35
809,Dennis Rogers,45
810,David Shannon,50
811,Stephanie Jones,27
812,Tristan Soto,35
813,Kristin Swanson,28
814,Darin Booker,33
815,Matthew Wall,55
816,Jonathan Doyle,53
817,Derek Thomas,40
818,Wayne Raymond DVM,59
819,John Meyers,28
820,Jonathon Weeks,41
821,Terry Whitaker,31
822,Megan Mccullough,45
823,Joseph Cross,56
824,Ryan Waters,37
825,Sergio Page,51
826,Jose Hawkins,38
827,Holly Hammond,33
828,Ronald Brown,22
829,Pamela Peck,57
830,Danielle Vincent,40
831,John Wilson,47
832,Joseph Benson,23
833,Darren Rogers,45
834,Joshua Green,44
835,Bradley Cortez,43
836,Lori Brown,44
837,Micheal Ramirez,29
838,Marie Willis,53
839,Mark Austin,54
840,Rebekah Hutchinson,48
841,Kathy Merritt,48
842,Steve Petty,39
843,Justin Larson,57
844,Victoria Thompson,54
845,Susan Jones,39
846,Kayla Herman,21
847,Linda Taylor,60
848,Keith Collier,42
849,Joseph Stevens,23
850,Heather Bishop,30
851,Zachary Sanders,45
852,Cameron Taylor,43
853,Michael Smith,48
854,Heather Sanders,58
855,Kevin Adams,51
856,Gregory Mendoza,44
857,Jamie Snyder,38
858,Janet Horton,57
859,Micheal Summers,48
860,John Hays,51
861,Kathleen Ray,48
862,Kevin Joseph,59
863,Daniel Little,43
864,Barbara Andrews,31
865,Jesse Wilson,28
866,Robert Scott,30
867,Marvin Mann,38
868,Christy Lowe DDS,42
869,Richard Lane,24
870,Jennifer Nichols,40
871,Brandi Smith,28
872,Jacqueline Cook,60
873,Ashley Wilkins,37
874,Brandon Schmidt,44
875,Eric Higgins,37
876,Lisa Cantrell,26
877,Tiffany Chavez,53
878,Ryan Lucas,58
879,Steven Edwards,22
880,Christopher Boone,31
881,Anthony Pittman,35
882,Gregory Miller,52
883,Patrick Wilson,33
884,Stephen Figueroa,60
885,Connie Moss,51
886,Kimberly Arroyo,59
887,Alexis Ashley,57
888,Amanda James,21
889,Deborah Ferguson,35
890,Amanda Clark,56
891,Amy Page,33
892,Stacey Perez,27
893,Michael Norris,22
894,Mrs. Jasmin King MD,31
895,Russell Zavala,59
896,Mario Morales,28
897,Kevin Welch,51
898,Angela Farmer,53
899,Jessica Callahan,59
900,Thomas Brown,41
901,Michael Cole,31
902,Jessica Gill,40
903,Alexander Gutierrez,25
904,Jackie Campbell,40
905,Dustin Hutchinson,54
906,Dylan Howard,21
907,Joan Taylor,36
908,Anthony Sanchez,32
909,Travis Navarro,59
910,Amber Smith,51
911,Shaun Schroeder,28
912,Terry Stevens,21
913,Victor Mahoney,53
914,Jim Snyder,54
915,Andrew Davidson,21
916,Kristina Diaz,59
917,Gary Aguilar,40
918,Michelle Davenport,24
919,Lori Orr,53
920,Edwin Barry,44
921,Colin Smith,49
922,Ashley Steele,35
923,Anna Patton,44
924,Brian Decker,57
925,Antonio Wilson,37
926,Amanda Williams,51
927,Mark Aguilar,58
928,Christine Hubbard,60
929,Heather Russell,49
930,Kimberly Collins,38
931,Jacqueline Gilbert,60
932,Julia Barnett,49
933,James Baker,45
934,Andrea Jackson,39
935,Matthew Navarro,32
936,Lance Owens,26
937,Cory Banks,45
938,Justin Wise,41
939,Kristin Little,44
940,Barbara Harris,41
941,Gina Dixon,21
942,Erin Evans,28
943,Carol Lawson,49
944,Stephen Thompson,23
945,Geoffrey Espinoza,57
946,Joseph Flores,20
947,Amy Harris,45
948,Jennifer Clark,52
949,Caleb Diaz,21
950,Brian Welch,42
951,Anthony Warner,35
952,Walter Clark,51
953,Gavin Sullivan,41
954,Joshua Wong,25
955,Robin Scott,38
956,Jordan Young,20
957,Michael Harding,29
958,Eric Vaughn,34
959,Carol Galloway,39
960,Kimberly Roberts,25
961,Travis Finley,25
962,Tina Lowe,20
963,Kiara Wood,49
964,Kathleen Mullins,58
965,Michele Diaz,42
966,Michelle Hayes,27
967,Michael Riddle,32
968,Jeffrey Cannon,56
969,Adam Walker,55
970,Billy Morris,24
971,Stefanie Webb,58
972,Debra Gilmore,57
973,Donna Boyer,31
974,Madison Curtis,52
975,Joshua Rojas,37
976,Rodney Ewing,54
977,Elizabeth Ball,47
978,Dawn Martin,22
979,Paige Stephenson,25
980,Miranda Edwards DDS,20
981,Erica Hughes,28
982,Christina Hensley,34
983,Anna Smith,21
984,Jared Stone,30
985,Dawn Ramirez,53
986,Mark Lee,27
987,Tina Pierce,43
988,Felicia Hodge,30
989,Gavin Hayes,31
990,Amanda Dean,35
991,Felicia Rodriguez,45
992,William Coffey,49
993,Abigail Thompson,60
994,Emily Palmer,36
995,Daniel Kelley,59
996,Christina Ramos,56
997,Stacey Holt,52
998,Timothy Gordon,43
999,Elizabeth Taylor,52
